Date / Time,City,State,Shape,Duration,Summary,Posted
1/31/2015 8:05,Palmer,AK,Sphere,20 minutes,Lighted object over the Talkeetna Mountain Range near Hatcher Pass.,2/6/2015
1/14/2015 18:00,Bethel,AK,Other,10 minutes,"Black smoke contrails over Bethel, Alaska.",1/16/2015
1/8/2015 21:30,Wasilla,AK,Triangle,10 seconds,Triangle being followed by plane over KGB.,1/16/2015
1/6/2015 7:50,Homer,AK,Other,3 minutes,"Floating pretzel-shaped object over town, scanning laser.",1/7/2015
12/26/2014 20:40,Anchorage,AK,Disk,10 seconds,Saucer hovering over military base forest off of Seward Highway in Anchorage.,1/7/2015
12/24/2014 17:30,Fairbanks,AK,Triangle,30 minutes,Three distant lights that appears to be aircraft on a collision course. Two lights disappeared leaving one.,1/7/2015
12/6/2014 1:00,North Pole,AK,Triangle,3 minutes,Large triangular shape with lights hovering over the outskirts of North Pole.,12/12/2014
11/18/2014 20:30,Eagle River,AK,Fireball,2 minutes,Absolutely stationary fireball around 300 feet over the inlet.,11/21/2014
10/22/2014 20:30,Wasilla,AK,Circle,All night,"I saw a bright colorfull object on a very clear dark starry sky With red, green, & white lights moving in a circular motion.",11/6/2014
9/25/2014 11:00,Denali State Park,AK,Rectangle,4-6 minutes,I was driving and it was 11pm at nite sorry I could not get the time to correct at top / had just passed over clam gulch bridge it wa,10/3/2014
9/20/2014 22:15,Anchorage,AK,Circle,10 seconds,Light green saucer-like object behind Anchorage airport (Earthquake Park).,9/25/2014
9/14/2014 22:30,Fairbanks,AK,Triangle,1 minute,"Grey, triangular object with no lights moving across the sky.",9/18/2014
9/13/2014 9:43,Eagle River,AK,Light,10-15 minutes,"A line of multiple orange lights flying slowly, possibly following the contours of the mountain and then disappearing into the sky.",9/18/2014
8/31/2014 2:00,Palmer,AK,Light,2 minutes,"Top of a mountain pass, saw two lights in the sky",9/5/2014
8/7/2014 17:30,Ketchikan,AK,Oval,2 minutes,"Daylight a few miles away, very bright, oval, silent, stationary then disappeared.",8/8/2014
8/5/2014 0:36,Wasilla,AK,Light,3 minutes,"Orange glowing orb, Wasilla, Alaska.",8/8/2014
6/3/2014 14:00,Anchorage,AK,Rectangle,2 minutes,"Huge craft 500' in diameter 5000' following a airliner, object went threw clouds and reappear changing shape from square to rectangl",6/13/2014
5/14/2014 17:45,Homer,AK,Other,5 minutes,Plane seems to disappear over Kachemak Bay.,6/4/2014
5/13/2014 2:00,Anchorage,AK,Changing,2 hours,Moved spuratically and continued back & forth and from side to side Lights were reddish and clear for a few seconds would show no light,6/4/2014
5/10/2014 21:00,Irving,AK,Circle,15 mintues,"Was circling a star and then moved away and disappeared, minutes later saw another one and a jet following the object.",6/4/2014
5/5/2014 16:00,Anchorage,AK,,3+ hours,UFO hiding in moving mist/cloud over Cook Inlet.,5/8/2014
4/19/2014 22:15,Anchorage,AK,Flash,3-5 minutes,"Brightly flashing high speed spherical object moving at very low altitude across the mountains, moving sporadically at first.",4/24/2014
4/19/2014 0:04,Kodiak,AK,Sphere,1 minute,Red light over Kodiak.,4/24/2014
4/14/2014 22:45,Wasilla,AK,Triangle,1 minute,3 red-orange lights on low flying UFO(s) off Parks Hwy in Wasilla in triangle formation.,4/18/2014
4/11/2014 21:30,Ketchikan,AK,Fireball,2 minutes,"Fireball like object seen above the small island city of Ketchikan, Alaska.",4/18/2014
4/9/2014 11:30,Kenai,AK,Light,2 hours,Strange fast moving lights high in the sky,4/11/2014
4/2/2014 11:00,Kenai,AK,Oval,60 seconds,Bright white oval seemed to come out of nowhere and hovered silently towards the mount Redoubt area,4/4/2014
3/31/2014 2:30,Wasilla,AK,Triangle,15 minutes,Triangle craft silently maneuvering over Wasilla at 230 am,4/11/2014
3/29/2014 20:45,Anchorage,AK,Cigar,15 seconds,I explained away the first time I thought I seen this object but twice weeks apart...I'm certain now,4/4/2014
3/28/2014 11:30,Chugiak,AK,Light,1 minute,Lights in sky. Flying objects.,4/4/2014
3/28/2014 11:17,Wasilla,AK,Changing,~60 minutes,Red and white lights on UFO.,4/4/2014
3/28/2014 11:03,Bethel,AK,Triangle,13 minutes,Triangle shaped and bright orange.,4/4/2014
3/25/2014 22:00,Nikiski,AK,Light,10 minutes,6 orange independently flying lights.,3/27/2014
3/25/2014 22:00,Clam Gulch,AK,Sphere,20 minutes,"Lights in sky above Cook Inlet, Alaska.",3/27/2014
3/12/2014 23:30,Ninilchik,AK,Circle,10 minutes,4 ufo's lights over Cook Inlet.,4/4/2014
3/3/2014 19:02,Ward Cove,AK,Diamond,22 seconds,"After dark, object at extreme altitude, flashing in response to spotlight, changing course, blacking out-then back on.",3/18/2014
3/2/2014 1:00,Butte,AK,Light,4 minutes,"Clear skies, 3 amber lights overhead for 4 minutes fading out or shooting away one by one.",4/11/2014
3/1/2014 0:00,Anchorage,AK,Light,2-3 minutes,9 red dots hovering low in the sky moving very slowly to the west.,3/18/2014
2/23/2014 19:45,Anchorage,AK,Light,5-10 minutes,2 Unidentified Orange Lights above Anchorage.,2/27/2014
2/21/2014 23:30,Palmer,AK,Light,5 minutes,Orange/Amber lights over the Hatcher Pass area.,2/27/2014
2/21/2014 0:00,Anchorage,AK,Oval,4 seconds,Luminescent oval shaped craft flies over Kincaid Park.,3/18/2014
2/19/2014 3:00,Anchorage,AK,Flash,1 minute,Red Flashing UFO Hovering and slowly moving right to left.,2/27/2014
1/31/2014 22:00,Anchorage,AK,Cylinder,15 minutes,"Bright orange lights, moving slowly up from the ground, hovering and moving away to the SW.",2/7/2014
1/14/2014 23:00,Talkitna,AK,,3 seconds,"This is one you can see for yourself. TV show on IDHD Channel. ""Ice Cold Killers"" Season 2 episode2 &quot;fear Thy Neighbor&q",1/16/2014
1/2/2014 11:45,Anchorage,AK,Oval,20 seconds,Fast flying oval seen in the daylight past Chugach Mountains.,1/7/2015
12/31/2013 23:00,Fairbanks,AK,Light,2 minutes,Orange light floating in night sky.,1/10/2014
12/31/2013 20:28,Eagle River,AK,Other,~6 minutes,"Orange lights hovering in v formation, change formation and fade away over the Glenn Hwy.",1/10/2014
12/31/2013 1:00,Fairbanks,AK,Light,5-10 minutes,Six orange lights three differnt times from New Years Eve 11 pm to New Years Day 12:30 am.,3/18/2014
12/26/2013 18:21,Anchorage,AK,Unknown,5 minutes,Orange light in sky approaching from southeast. Steady trajectory.,1/10/2014
12/23/2013 22:22,Anchorage,AK,Circle,10 seconds,"At least 40 round red orbs hovering in formation above the hillside, disappeared quickly.",1/10/2014
12/23/2013 22:11,Anchorage,AK,Light,5 minutes,stationary amber/orange colored lights over Anchorage.,1/10/2014
12/23/2013 21:15,Wasilla,AK,Fireball,10 seconds,Orange fireball looking object moving fluidly across sky over Wasilla moving fast enough to appear propelled. Stopped and then disappea,1/10/2014
12/23/2013 16:00,Anchorage,AK,Fireball,~10 minutes,"Very large fireball with a fire trail falling over southside of Anch. inlet, 2 jets observed flying towards object.",10/3/2014
12/22/2013 18:00,Soldotna,AK,Light,1 second (each),Orange flashes of light in different areas.,12/23/2013
12/19/2013 16:00,Anchorage,AK,Circle,~5 minutes,"Two large, bright red, circular objects falling out of the sky over Elmendorf AFB.",12/23/2013
12/14/2013 18:50,Anchorage,AK,Flash,Seconds,Strange flash in the sky.,12/23/2013
12/12/2013 22:30,North Pole,AK,Flash,2-3 seconds,Dim flash of orange lasting a few seconds that came from above and illuminated 30 ft. trees.,12/23/2013
12/11/2013 8:25,Anchorage,AK,Fireball,2 seconds,Anchorage meteor ufo Spenard area.,12/12/2013
12/10/2013 23:50,Anchorage,AK,Light,3 minutes,Red light with yellow edges pulsating and stationary to the south of Anchorage just below overcast cloud cover which provided me with a,12/12/2013
12/10/2013 23:15,Fairbanks,AK,Unknown,7-14 seconds,"Brights orange lights flashing, and disappeared out of sky instantly",12/23/2013
12/9/2013 21:00,North Pole,AK,Flash,3-5 seconds,"Bright orange flashes lasting only a few seconds in North Pole, Alaska.",12/12/2013
12/5/2013 17:04,Ketchikan,AK,Light,16 minutes,Light stayed over airport and slowly went left to right. Then it got really bright and dimmed and was gone.,12/12/2013
11/20/2013 18:00,Kuparuk,AK,Light,5 seconds,White blue light in sky appears and hyperdrives away like it never happened.,12/2/2013
11/18/2013 21:00,Palmer,AK,Cylinder,20 minutes,"Large orange cylindrical object flying over and near Pioneer Peak Alaska (6,000 ft in elevation)",11/20/2013
11/10/2013 19:30,Palmer,AK,Fireball,20 minutes,It's snowing hard our first real snow of the season... I went in the kitchen and happened to glance out the window and I saw these fire,11/11/2013
11/9/2013 17:30,Kuparuk Oilfield,AK,Light,10 minutes,Bright light above the clouds shines a beam down which does not reach the ground.,11/11/2013
11/9/2013 17:30,Kuparuk Oilfield,AK,Light,Minutes,"Light in sky very strange, but believed to be noctilucent clouds seen through dark, lower clouds.",11/20/2013
11/8/2013 23:00,Fairbanks,AK,Unknown,,Saw bright orange and blue lights above on civilian side of birch hill while at viewing spot with friends.,12/12/2013
11/5/2013 18:05,Wasilla,AK,Disk,2 minutes,"One object flying east to west over Wasilla area...Well lit displaying bright white, green and red colors. Flying very erratically.",11/11/2013
11/2/2013 20:23,Wasilla,AK,Disk,5 minutes,"A UFO was photographed, but Men in Black came and confiscated the evidence.",11/11/2013
10/31/2013 20:30,Fairbanks,AK,Diamond,3 minutes,UFO seen over civilian side of Birch Hill.,11/11/2013
10/23/2013 20:00,Anchorage,AK,Circle,15 minutes,"Approx. 12 orange orbs moving across the sky from the NW to the SE , moving towards outer space.",11/11/2013
10/23/2013 18:00,Anchorage,AK,Light,2-3 minutes,Driving on Fort Richardson saw 1 orange bright light above Arctic valley that appeared droped disapered then reappeared .,11/11/2013
10/22/2013 18:30,Glenallen (Close to),AK,Other,30 minutes,"Dozens of lights seen, two very large crafts.",7/20/2014
10/12/2013 14:35,Kodiak,AK,Other,5 minutes,Huge and change of vector into sky.,10/14/2013
10/5/2013 2:55,Anchorage,AK,Unknown,30 seconds,Weird occurrence over Anchorage,10/14/2013
10/4/2013 21:55,Fairbanks,AK,Fireball,3 minutes,I saw 5 red glowing orbs,10/14/2013
10/4/2013 20:00,Fairbanks,AK,Circle,10 minutes,Strange orange lights moving unnaturally across the sky.,10/14/2013
9/29/2013 21:30,Fairbanks,AK,Light,5-7 minutes,2 orange orbs fly south over chena ridge,9/30/2013
9/28/2013 21:10,North Pole,AK,Light,15,Orange lights orbiting above Fairbanks/North Pole Alaska,9/30/2013
9/24/2013 20:35,Fairbanks,AK,Circle,~2 minutes,3 white orbs. 2 in front 1 behind.,9/30/2013
9/21/2013 21:20,Anchorage,AK,Oval,3 minutes,Was red and orange balls floating and soaring brightly lit all running straight line from north to south,9/30/2013
9/13/2013 22:00,Eagle River,AK,Formation,3,"Red lights past Mt Baldy, towards Eagle River Valley in the Sky.",9/18/2014
9/5/2013 22:00,Fairbanks,AK,Disk,5 minutes,HUGE SAUCER FLYING INTO FORT WAINRIGHT,9/30/2013
8/30/2013 4:00,Palmer,AK,Circle,15 minutes,Orange circles above Palmer.,8/30/2013
8/7/2013 21:30,Fairbanks,AK,Diamond,1 minute,Diamond shaped UFO near Fairbanks Airport.,9/30/2013
7/25/2013 1:15,Kodiak,AK,Triangle,2-3 minutes,Three white lights triangular shape seen over Pillar Mountain Kodiak Alaska.,8/30/2013
7/22/2013 3:13,Sterling,AK,,a few seconds,"3 stationary bright, white lights in a triangle shape in the eastern sky.",7/22/2013
6/5/2013 1:20,Angoon,AK,Sphere,10 minutes,"One appeared first at 1:20 am; hovered in place for about two minutes before heading north, was joined by a second light.",7/3/2013
3/16/2013 23:30,Wasilla,AK,Circle,~5 mintues,"Large group of red, round lights seen by several groups of people in Wasilla, AK during high aurora activity.",5/15/2013
3/16/2013 23:20,Wasilla,AK,Triangle,4-5 minutes,ON 3/16/2013 AT 23:20 SEEN NORTHERN LIGHTS THROUGH WINDOW WHILE GETTING READY FOR BED. WENT OUTSIDE TO ENJOY THE SHOW AND TOLD MY GIRLF,5/15/2013
3/16/2013 5:10,North Pole,AK,Light,1 minute,Two lights in the sky moving opposet each other not making sound,5/15/2013
3/3/2013 18:30,Bethel,AK,Circle,2 minutes,Bizarre red light (globes) movements in the sky.,4/12/2013
3/1/2013 21:00,Palmer,AK,Circle,1 minute,Vertical string of 5 orange lights in the sky.,3/3/2013
2/23/2013 21:30,Palmer,AK,Light,1 minute,Noticed an orange glowing light in the sky. It was not moving and the sky was very overcast. It disappeared after about a minute.,2/28/2013
1/19/2013 21:00,Fairbanks,AK,Fireball,2 minutes,4 Balls of Fire Dance in The Northern Sky,6/2/2013
1/7/2013 1:50,Anchorage,AK,,still on,There are a 5-7 lights higher than a passenger plane but they are blinking; thought they may have been satellites.,2/4/2013
1/1/2013 1:00,Delta Junction,AK,Triangle,2 minutes,"2 UFO's bright orange lights in Delta Junction, Alaska",2/4/2013
12/28/2012 19:30,Eagle River,AK,Oval,instant,"Cloud colored but clearly definable with no lights, girlfriend and I both exclaimed at the same time on the size and speed of the objec",2/4/2013
12/26/2012 7:40,Fairbanks,AK,Triangle,10,Fairbanks Alaska Ufo Sighting Over Birtch Hill.,2/4/2013
12/25/2012 16:30,Fairbanks,AK,Oval,2 minutes,2 oval shaped bright reddish with yellow to white leading light fire balls in sky over fairbanks.,2/4/2013
12/19/2012 19:00,Homer,AK,Fireball,5 minutes,"Saw reddish orange circles in the sky over the bay in Homer, AK.",12/21/2012
12/14/2012 8:20,Wasilla,AK,Fireball,,"Saw 4 glowing red orange dots falling in formation in Palmer, Alaska.",12/20/2012
11/25/2012 19:50,Anchorage,AK,Light,90 minutes,Object emitted another object.,12/20/2012
11/22/2012 19:05,Fairbanks,AK,Light,~3 minutes,Unidentified orange lights over Fairbanks Alaska.,12/20/2012
11/15/2012,Wasilla,AK,Other,25 minutes,Body Inhabitated,7/3/2013
11/14/2012 21:00,Anchorage,AK,Disk,~5 minutes,"Saucer with bright lights, then spiky halo in colors, over Cook Inlet, Anchorage.",11/19/2012
11/9/2012 22:00,Ketchikan,AK,Light,2 hours,Square formation of 4 lighthouse like beacons rotating in sequence clockwise.,11/19/2012
11/8/2012 16:30,Ketchikan,AK,Light,15-20 seconds,White light flew across sky and then shot strait up faded to red and dissapeared,11/19/2012
11/7/2012 19:45,Wasilla - Susitna Delta,AK,Light,2 minutes,"6 orange orbs hovering north east of Wasilla, Alaska and 1orange orb traveling west over Susitna river delta.",11/19/2012
11/4/2012 19:15,Anchorage,AK,Light,3-5 minutes,"3 orange ""stars,"" brighter than reg stars in a hazy night sky. non-moving then fading out. triangle formation.",11/19/2012
11/2/2012 22:30,Soldotna,AK,Flash,10 minutes,3 bright consecutive flashes of light.,11/4/2012
11/2/2012 22:00,Homer,AK,Flash,20 minutes,Strobe light,11/19/2012
10/31/2012 20:36,Anchorage,AK,Light,1 minute,White stationary light over the mountains changed to purple then back to white and then back to purple then it fell like a shooting sta,11/4/2012
10/27/2012 6:00,Anchorage,AK,Triangle,30 minutes,"Flashing lights, triangular. Star sized, clear night, 2 witnesses.",11/4/2012
10/26/2012 23:10,Eagle River,AK,Light,2 minutes,"Bright, orange stationary object flickering in night sky; pieces came off object and fell towards ground.",10/30/2012
10/26/2012 0:00,Tanacross,AK,Light,all night,"Seen a triangle light at first, then it moved out ward and it looked like a spider like star. several star light objects flying around",10/30/2012
10/25/2012 23:00,North Pole,AK,Light,15 seconds,It was late at night and me and my mother were taking our dog out. It was late at night so the sky was almost pitch black with but a fe,12/20/2012
10/21/2012 18:30,Anchorage,AK,Cylinder,30 seconds,"Cylindrical lights, Anchorage",10/30/2012
10/20/2012 23:00,Anchorage,AK,Light,20+ minutes,"3 bright lights (same hew as the stars) darting around the area of the Big Dipper, 2 seemed to be ""attacking"" the 1",10/30/2012
10/18/2012 21:30,Fairbanks,AK,Light,5-10 minutes,"Changing light from bright to dim, to off to blue/red",10/30/2012
10/12/2012 21:05,Anchorage,AK,Fireball,10 seconds,Short rocket-like fireball near air force base.,10/30/2012
10/2/2012 21:30,Anchorage,AK,Formation,7 minutes,25 to 35 light orange orbs in sky...not flares,10/30/2012
9/29/2012 21:20,Anchorage,AK,Light,1 hour,Jesus Christ enlighten us.,10/30/2012
9/23/2012 6:00,Savoonga,AK,Light,2 minutes,"One object hovering around Savoonga, ak. Sevral sightings this month.",9/24/2012
9/8/2012 19:00,Wasilla,AK,Sphere,5 minutes,Red Dancing Orb with Orange colored bottom.,9/24/2012
9/7/2012 23:00,Willow,AK,Fireball,5 minutes,Several orange glowing balls in single line 1/4-1/2 mile apart. West to East around Hatcher Pass,9/24/2012
9/3/2012 21:57,Fairbanks,AK,Unknown,2 minutes,Metallic sounds and bright flash of light - Seen from indoors with blinds shut,9/24/2012
8/28/2012 9:00,Anchorage,AK,Light,5 minutes,2 bright lights over Anchorage,9/24/2012
8/24/2012 12:00,,AK,Oval,30 seconds,I saw a gold and black oval shaped UFO AND it disappeared,10/23/2013
7/25/2012 1:15,Anchorage,AK,Other,5 minutes,Black mass in Anchorage.,8/5/2012
7/18/2012 1:00,Homer,AK,Light,20 or 30 minutes,"Multiple lights executing strange maneuvers by darting back and forth, blinking on and off and moving in geometric patterns.",8/19/2012
7/18/2012 1:00,Homer,AK,Light,20 or 30 minutes,"Multiple lights executing strange maneuvers by darting back and forth, blinking on and off and moving in geometric patterns.",5/8/2014
5/19/2012 20:30,Anchorage,AK,Triangle,2 minutes,"UFO between our neighbors house and ours in Anchorage, Alaska.",4/11/2014
4/28/2012 1:00,Eagle River,AK,Fireball,10 minutes,Stationary Silent burning ball of fire from approximately 100 feet.,7/4/2012
4/23/2012,Juneau,AK,Light,30 seconds,"Strange lights being seen in Juneau, AK night sky.",5/13/2012
4/6/2012 22:50,Bethel,AK,Circle,30 seconds,Orange circle of light moving from SE to NW.,4/18/2012
3/12/2012 21:45,Palmer,AK,Sphere,40 seconds,Brightly lit orange in color orb.,3/16/2012
3/3/2012 22:15,Bethel,AK,Light,5-10 minutes,Orange/Reddish Lights,3/13/2012
3/2/2012 19:30,Anchorage,AK,Light,10-15 minutes,Several red lights with no sound ascending to the sky in Alaska,3/13/2012
2/12/2012 4:30,Metlakatla,AK,Disk,,4 year old son sees and draws flying saucer. ((NUFORC Note: Sincere and credible witness. PD)),3/13/2012
2/11/2012 19:10,Fairbanks,AK,Light,15 minutes,"We saw 6-7 craft move from SE to NW, with very bright orange/yellow lights and no sound.",3/13/2012
2/10/2012 18:00,Haines,AK,Diamond,30 minutes and longer,"A bright multi-color flashing object soared across night sky, until it made an abrupt stop, only to roam around in any direction",3/13/2012
1/23/2012 19:30,Anchorage,AK,Sphere,2 minutes,Red lights in line formation coming over the mountains in Anchorage Alaska.,1/24/2012
1/22/2012 20:15,Anchorage,AK,Unknown,10 min,5 orange/red balls equally apart moving south in Ancorage AK at 815ish pm on 1/22/2012,1/24/2012
1/1/2012 19:30,Anchorage,AK,Sphere,5 min,Five glowing lights traveling at slow speeds without engine noise.,1/12/2012
1/1/2012 0:01,Anchorage,AK,Light,about 1.5 minutes,"New Years morning 2012. 5 lights by southern mountains outside Anchorage, AK",1/12/2012
12/30/2011 4:47,North Pole,AK,Triangle,8 min,"Triangle shaped, orange and yellow light. moving in erratic behavior for about 8 min.",1/12/2012
12/24/2011 2:00,Fairbanks,AK,Sphere,1 hour,Bright Orb/Sphere with pulsating blue and red lights hovering with jerky motion. ((NUFORC Note: Sighting of Sirius?? PD)),1/12/2012
12/4/2011 21:17,Anchorage,AK,Light,2 seconds,"Point of light appears to fall, maneuvers, vanishes",12/12/2011
11/23/2011 11:00,Anchorage,AK,Circle,1100,"This incident took place on 11-23-11, I had just passed Alaska Regional Hospital and was heading West on Debarr Rd. and had just crosse",12/12/2011
11/11/2011 20:10,Fairbanks,AK,Circle,5 min.,Red lights moving slowly.,12/12/2011
10/23/2011 20:45,Wasilla,AK,Sphere,30 mins,Fake Star above Wasilla 10-23-11 Only visible light in the sky Period. ((NUFORC Note: Star or planet? Possibly Jupiter? PD)),10/25/2011
10/23/2011 20:45,Wasilla,AK,Sphere,30mins,Fake Star above Wasilla 10-23-11 Only visible light in the sky Period.,12/12/2011
10/21/2011 21:00,Anchorage,AK,Circle,5 minutes,"Orange circles ""climbing"" then fading away",10/25/2011
9/11/2011 9:00,Wasilla,AK,Triangle,a few seconds,a tiangle shaped craft with yellow lights below flew over.,10/10/2011
5/11/2011 21:00,Alaska cruise (Norwegian Star),AK,Light,30 min,"Strange light in the sky , outside Juneau, Alaska.",6/12/2011
4/4/2011 4:00,Wasilla,AK,Circle,1-5 minutes,White circle looking light that gets really bright then fades away as its moving across the sky.,5/2/2011
3/26/2011 21:00,Seward,AK,Light,5 mins,"String of 9 bright lights, orange in color seen at mile 5-6 of Seward Highway moving slowly south.",4/3/2011
3/15/2011 0:03,Hooper Bay,AK,Unknown,3-5 minutes,I observed an aircraft flying above our town at low altitudes at varying speeds and the aircraft did not make any noticible sound.,3/23/2011
3/7/2011 21:00,Ninilchik,AK,Light,2 hours so far,"two bright spots,very close together. rays of color shooting to all sides,stayed in same spot on horizon",3/10/2011
2/11/2011 8:00,Fairbanks,AK,Unknown,20 min,"UFO's sighted Fairbanks/Murphy Dome Feb.11, 2011 8:00am",2/18/2011
1/8/2011 17:20,Juneau,AK,Light,about 10 min,Bright silent object seen traveling in night sky,1/31/2011
1/5/2011 20:00,North Pole,AK,Triangle,20 minutes,It was dark and we noticed six circular lights in a triangular formation pretty high up in the sky moving pretty slow from the south we,1/24/2012
1/3/2011 22:30,Savoonga,AK,Light,15 seconds,Didn't see the object it was very cloudy but it had a beam of light sort of like spot light aimed to the ground & traveled about 60yds,5/13/2012
12/31/2010 21:00,Wasilla,AK,Sphere,2 minutes,"Two red/orange lights suddenly appeared over our neighborhood New Years Eve, hovered for a few minutes, then dimmed and were gone.",1/5/2011
12/31/2010 20:10,Anchorage,AK,Light,5 minutes,Two small orange lights flying over Anchorage,1/5/2011
12/16/2010 12:00,Anchorage,AK,Circle,Dabarr,What The Hell Is that in the sky?? ((NUFORC Note: Possible hoax?? PD)),1/5/2011
11/19/2010 16:10,Juneau,AK,Fireball,60 seconds,"Missile like fireball seen in Juneau, Alaska.",11/21/2010
10/8/2010 1:30,Anchorage,AK,Triangle,15min,Silent Objects over Anchorage Alaska while northern lights were out.,11/21/2010
9/23/2010 7:00,Seward,AK,Cone,unknown,Photograph of unidentified object,7/4/2011
8/27/2010,Craig (Coffman Cove Road),AK,Circle,3 min,big green light in the sky.,8/30/2010
8/7/2010 0:30,North Kenai (Daniels Lake; east end),AK,Light,1 hour,Around 0:30 began seeing flickering flashlight type light through leaves of trees. ((NUFORC Note: Possible sighting of Jupiter. PD)),8/24/2010
8/6/2010 18:00,Anchorage,AK,Circle,1 MINUTE,"UFO APPEAR'S OVER ANCHORAGE ALASKA 80,000 FT. LOOK'S LIKE A BB & NO MOVEMENT",11/21/2010
6/25/2010 10:22,Elk,AK,,2-3 minutes,Odd brightly lit object object observed silently flying in a wavering flight path.west to east in eastern Washington state.,7/6/2010
5/29/2010 9:45,Prince William Sound,AK,Unknown,6 minutes,This occurred on Memorial Day weekend 2010 on a Halibut fishing charter in Prince Williams Sound. We arrived @ Smith Island approx. 9A,9/24/2012
5/21/2010 0:26,Palmer,AK,Sphere,10 minutes,"At about 12:27am on the 21st of May, while getting ready for bed and all was quiet, I heard the same sound I heard in mid-March when I",6/3/2010
1/12/2010 21:30,Metlakatla,AK,Disk,,Saucer behind car 2 visible red lights in the middle of saucer,2/14/2010
1/1/2010 12:01,Willow,AK,Sphere,10-11 min,4 redishorange shpereiodical objects appear during 2010 fireworks show hover around then disappear 500 Lights On Object0: Yes,2/14/2010
1/1/2010 0:20,Anchorage,AK,Light,one minute,"Upper atmosphere object moving south, becoming stationary and later moving east at a high rate of speed.",5/15/2013
1/1/2010 0:01,Willow,AK,Formation,7 min,four orange red objects suddenly appear 12:01 am new years move north then south and dissapear,2/14/2010
12/26/2009 17:30,Bethel,AK,Disk,1.5 MINUTES,Large fireball-like red/orange disc low in the sky and moving slowly right to left. Soundless. Clear night.,2/14/2010
12/2/2009 21:20,Fort Greely,AK,Triangle,10 seconds,Look those coordinates on google earth ;) :0,2/14/2010
12/1/2009 16:00,Kaktovik,AK,Light,30 minutes,Three lights dancing around each other,12/12/2009
9/3/2009 22:30,Healy,AK,Light,1+ hours,"Objects in night sky over Healy, AK moving at high speeds and changing directions instantaneously.",12/12/2009
8/28/2009 23:00,Anchorage,AK,Formation,20 minutes,Odd Cloud Formation Lit Up and Moving Toward and Away from us.,12/12/2009
8/8/2009 23:40,Homer,AK,Oval,30-40 seconds,Single light changing to multiple lights and back,8/27/2009
7/29/2009 13:00,North of Pt. Barrow,AK,Disk,45 Minutes,We saw Six Disk Shaped Aircraft while Staioned in the USAF in Alaska,4/13/2010
6/27/2009 2:30,Juneau,AK,Triangle,10 seconds,Triangular shaped craft with red lights seen lowering from the sky.,8/5/2009
5/25/2009 20:00,Anchorage,AK,Disk,10-15min,black/silver disc over anchorage alaska,6/9/2009
5/9/2009 2:30,Eagle River,AK,,1 minute,"I was walking home from a friends house. While walking, I noticed two objects; which, appeard to be stars. There was a construction wa",5/12/2009
3/31/2009 23:00,Fairbanks,AK,Light,10 min or so,"UFO's in Fairbanks, Alaska",4/14/2009
2/20/2009 22:00,Fairbanks,AK,Light,3-4 seconds,Bright green light,3/19/2009
1/24/2009 18:00,Fairbanks,AK,Oval,a little more than a week,"Bright light high above my town, very peculiar looking when viewed through a telescope. ((NUFORC Note: Venus?? PD))",3/19/2009
1/20/2009 19:15,Wasilla,AK,Triangle,15 minutes,"3 lights low on north horizon outside of Wasilla, AK 01/20/09 @ 7:15pm local time.",3/19/2009
1/2/2009 21:00,Venetie,AK,Circle,5 min.,"southeast of venetie,alaska 99781 object setting about 500 feet above the ground with red and green light for about 5 minutes in one pl",1/10/2009
1/1/2009 1:15,Bethel,AK,Other,15 minutes,Possible Bethel UFO sighting,1/10/2009
12/29/2008 15:10,Tok (30 miles NW of),AK,Other,25 minutes,erratic vapor trail accompanied by an explosion was witnessed by me in my SE sky at around 15:10 AST,1/10/2009
12/29/2008 15:00,Fairbanks,AK,Unknown,seconds,the light was very bright and had a very large vapor trail,1/10/2009
10/3/2008 20:00,Kodiak,AK,Light,almost ten whole minutes,"didn't behave like a toy helicopter, hikers or hunters",10/31/2008
10/1/2008 23:00,Juneau,AK,Light,15 minutes,Zigzagging ball of light next to a mountain.,1/16/2015
7/3/2008 16:40,Fairbanks,AK,Unknown,2 minutes,White oblong object moving fast through clear sky and fades into the blue.,7/5/2008
6/23/2008 15:00,Anchorage,AK,Teardrop,2-3 minutes,rotating teardrop over trees/highway,5/2/2011
4/29/2008,Alaska,AK,Cigar,on tv,ufo seen in the show deadliest catch,6/10/2010
3/31/2008 0:00,Eagle River,AK,Light,~20 min,Zig-zaging light moves over north horizon of Alaska town.,3/31/2008
3/29/2008 11:00,Anchorage,AK,Disk,45 minutes,Brown rustic red sideways disc shaped UFO and hovering very slowly through the air with pauses at random.,3/31/2008
3/29/2008 11:00,Anchorage,AK,Disk,45 minutes,"it was a definite flying saucer, that made no sound, no lights, rusty colored round",3/31/2008
2/6/2008 19:00,Anchorage,AK,Light,unknown,orb with tail captured on camera in Alaska 02.06.08,2/14/2008
1/1/2008 0:08,Nunapitchuk,AK,Fireball,2-3 Minutes,Red fireball looking object passing a village in Alaska.,1/21/2008
11/5/2007 20:30,Anchorage,AK,Triangle,4-5 seconds,Triangular shaped UFO blocks out starlight Anchorage evening sky,11/28/2007
10/6/2007 22:00,Willow,AK,Circle,seconds,"One glow in the dark green orb flying in a northward direction above the treeline, visible for only seconds.",10/8/2007
9/15/2007 2:30,Kenai Peninsula,AK,Triangle,10-20 seconds,3 Triangular objects in Alaksa,10/8/2007
6/30/2007 22:09,North Pole,AK,Formation,Approx. 3hrs,((HOAX??)) Strange ships and electrical interference.,8/7/2007
4/24/2007 3:00,Homer,AK,Fireball,5 seconds,"Approx. 3:30 AM on the morning on April 24th four male adults driving alongside Kachamak Bay, in Homer, AK.",4/27/2007
3/4/2007 19:45,Eagle River,AK,Circle,,Fast moving blue object over Alaska sky. No trail. It then vanished.,3/8/2007
2/18/2007 20:15,Slana,AK,Light,20 seconds,"02/18/07, 2015AST, a pale green light was observed travelling along the southern slopes of the Alaska Range in eastern central Alaska.",2/24/2007
1/27/2007 23:07,Anchorage,AK,Disk,"10,000","It was very bright and had lights that were very red, the disk was silver, and it stayed in the air for about 5 minutes.",2/1/2007
12/31/2006 21:47,Fairbanks,AK,Fireball,4 minutes,We were on the porch the orange object went from east to west across the town sat on the west side for 45 seconds then went into space.,12/20/2012
12/15/2006 12:00,Wasilla,AK,Oval,1:00 minute,it is round and oval and its really fast.,2/1/2007
11/28/2006 17:20,Anchorage,AK,Light,3 seconds,an amazingly fast blue-green light pulsing to the chugach mountains in south anchorage,12/7/2006
11/14/2006 23:25,Anchorage,AK,Light,2 seconds or so,"greenish ball of light moving rapidly in northern direction at exactly 11:25 pm Alaska time Nov. 14, 2006",12/7/2006
11/10/2006 23:15,North Pole,AK,Other,20 seconds,"A tall line of green light from the ground up into the sky, 3"" wide, bright glowing for 20 sec. then narrowing until it was gone.",12/7/2006
10/23/2006 21:03,Anchorage,AK,Changing,@ 10 min.,"INTENSE AMBER-ORANGE HONEYCOMB SHAPED DUAL HORIZONTAL LIGHT;, SILENT DECENT....",12/7/2006
10/23/2006 21:00,Anchorage,AK,Circle,2 Hours +,"Multiple craft sighted above a Anchorage, Ak",10/30/2006
10/10/2006 23:55,Knik,AK,Triangle,5,"Slow moving, no sound, illuminated (craft) triangle over Point McKenzie, Alaska.",10/30/2006
10/8/2006 14:02,Anchorage,AK,Disk,1:00,black disc-shaped object rose from behind a mountain then stopped and moved quickly to the south against a heavy wind,10/30/2006
9/30/2006 14:30,Anchorage,AK,Disk,30 minutes,Large shiny white disk hovering West and East in afternoon sky.,10/30/2006
9/30/2006 14:00,Anchorage,AK,Disk,45 minutes,Disk shaped object in sky for 45 minutes,4/27/2007
6/15/2006 1:43,North Pole,AK,Oval,a couple seconds,Large white ball in the sky,7/16/2006
3/21/2006,White Mountain,AK,Sphere,1/2 hour,Three orbs were bounced towards our little village the first one was at 2:15 am and it was white lite in color about 2 inches in diamet,5/15/2006
2/6/2006 12:00,Fairbanks,AK,Sphere,10 seconds,Flying disk,10/30/2006
12/25/2005 23:30,Anchorage,AK,Light,5 min,"ufo was traveling above the clouds, over east Anchorage",2/14/2006
12/15/2005 1:30,Wasilla,AK,Triangle,3 1/2 to 4 minutes,Stealth shapped silent object with no noise or vibration from north to south at slow sped and low altitude.,2/1/2007
11/1/2005 0:30,Glennallen,AK,Unknown,3.5 hrs.,((HOAX??)) Aliens and UFOs on Halloween night near HAARP!!!,10/10/2011
10/18/2005 1:00,Anchorage,AK,Other,2 hours,"These Structures were gyrating, twirling, twisting and dancing like a lariat in a ribbon like manner at extremely high speed.",10/20/2005
10/15/2005 23:00,Fairbanks,AK,Light,30,"4 balls floating over town , disappearing one by one and coming back , happend twice",3/11/2006
9/2/2005 2:30,Tracy Arm (near; on cruise ship),AK,Light,15 min.,Balls of light seen from cruise ship in Alaska!,10/11/2005
8/11/2005 6:11,Suriname,AK,Unknown,30-45 minutes,"((HOAX??))This was not a ship or aircraft, but more a display of lights in different colors. It was like someone writing in the sky.",9/2/2005
7/7/2005 22:00,"Susitna Lodge (10 mi. E of, Denali Hwy.)",AK,Other,10 seconds,((NUFORC Note: Possible mil. activity. PD)) 3 faded bluish grey craft appeared then disappeared overhead during mil. exer. over AK.,9/2/2005
7/7/2005 18:45,Susitna Lodge (10 miles E of; Denali Highway),AK,Rectangle,10 seconds,I could hear the first craft going over but all I could see was blue sky where the sound was coming from. Then it appeared for only one,9/2/2005
6/16/2005 19:00,Nikiski,AK,Triangle,15 min,"three of us were traveling to town when we witnessed what seemed to be a star shaped bright light. As we approched the light, we",7/16/2006
6/12/2005 14:00,Rio de Janeiro (Brazil),AK,Oval,15-20 minutes,OVNIS AT THE BEACH...,9/2/2005
5/24/2005 18:30,Anchor Point,AK,Disk,5 minutes,Large UFO over Mt. ILIAMNA Alaska. ((NUFORC Note: Possible contrail behind a high-altitude jet?? PD)),5/28/2005
4/23/2005 18:30,Juneau,AK,Disk,10 - 15 seconds,Saucer-like craft flies northwest,5/11/2005
4/18/2005 0:00,Anchorage,AK,Oval,2 minutes,we spotted an ovular light emmiting craft with telescopes in the night,5/11/2005
4/11/2005,Fairbanks,AK,Circle,5 mins,5 objects danceing around in the sky that looked like balls of light. Fairbanks Ak.,4/16/2005
4/9/2005 22:50,Wasilla,AK,Light,10 sec./,birght light acceleratesat a high rate of speed.,4/16/2005
3/4/2005 20:45,Fairbanks,AK,Light,15 seconds,"""star"" in an unknown to me, constellation started moving out of the ""formation"" and down, then another one went right to left.",5/11/2005
2/26/2005 5:40,Ester,AK,Flash,25 mins,lights in the sky,4/16/2005
1/25/2005 21:50,Anchorage,AK,Light,13 minutes,Bright Orange light moving slowly across the sky,1/27/2005
1/13/2005 21:00,Fairbanks,AK,Other,45 Minutes,My UFO Sighting: CE II,10/8/2007
1/13/2005 20:00,Fairbanks,AK,Other,45 Minutes,"Girded Structured UFO with many lights spends 45 minutes hovering over Fairbanks, Alaska on January 13, 2005",7/16/2006
12/30/2004 20:00,Anchorage,AK,Light,15 min,"Two hovering lights above Anchorage, Alaska",1/11/2005
12/20/2004 20:00,Fairbanks,AK,Unknown,About 15-30 Minutes,A Cluster of Fixed White Lights Hovering Over Fairbanks Alaska is Seen From Wal~Mart.,10/20/2005
9/12/2004 3:00,Fairbanks,AK,Oval,3 hours,"Very Distant odd luminous light hangs in the Night sky for a number of hours moving slowly,Fades n disappears. ((NUFORC: Star?? PD))",10/27/2004
8/17/2004 3:30,College Fjord,AK,Changing,15-20 mimutes,On August 17th were were on a Alaskan cruise aboard the Sun Princess on a north easterly course into Perry Passage and Wells Passage. A,9/1/2004
8/16/2004 12:08,Anchorage,AK,Circle,10 seconds,6 Flying objects spotted in anchorage ak,8/24/2004
8/2/2004,Wrangell,AK,Circle,5 days,"We saw a Bright WHITE CIRCLE suddenly appear, and then dissappear.",8/24/2004
5/28/2004 8:35,Anchorage,AK,Sphere,15-20 seconds,"I saw a silver sphere over Anchorage, Alaska, It stopped hovered and then disappeared before my eyes.",3/4/2008
3/11/2004 21:30,Fairbanks,AK,Light,20 min,"for 20 min. watched 2 sets of stationary equally spaced large round yellow lights, one string of 4, one of 5, blinked out in order.",4/9/2004
1/30/2004 20:00,Ketchikan,AK,Light,4 seconds,Explosive light over Alaska skies,1/31/2004
1/11/2004 19:10,St. George Island,AK,Light,15min,3 lit objects travel from a sattelite,1/17/2004
1/1/2004 0:00,Kenai,AK,Light,15 minutes,"At first they looked like bright stars, but stars don't move, right?",3/4/2008
12/25/2003 0:00,Anchorage,AK,Sphere,approx 5 min,black sphere with bright orange spotlight appears on x-mas eve in Alaska.,7/25/2004
11/24/2003 18:32,Fairbanks,AK,Disk,5 Minutes,"UFO speeding south, westward of Fairbanks.",12/9/2003
10/22/2003 7:00,Anchorage,AK,Other,30sec,Me and my freinds saw a red light and it whent straight up fast (no plain can move up that fast)then disapered after about 30 sec,10/31/2003
9/10/2003 23:30,Kenai,AK,Flash,30 sec,A Light In The Sky,9/12/2003
9/8/2003 23:30,Anchorage,AK,Light,20 secs,More stars moving around over Anchorage,9/12/2003
8/10/2003 3:00,Anchorage,AK,Other,driving to sward,it was square like shape and the whole underneth of the aircraft was glowing red hot and there were two round shadows behind it,9/9/2003
8/7/2003 1:30,Fairbanks,AK,Circle,1hour 30 mins,((NUFORC Note: Possible sighting of Mars. PD)) Flickering Star like Object Moving Laterally at about 0130 hrs,8/28/2003
6/25/2003 0:00,Council,AK,Oval,.5 hrs,Multiple sightings in Council Alaska possible abuctions of two known persons in the 1980's (1) and 1990's(1)... between August and Febr,2/14/2006
6/15/2003 13:00,Rural Alaska community,AK,Diamond,25 minutes,ALASKA UFO VIDEO TAPED AND WITNESSED IN 2003.,1/10/2009
4/19/2003 0:30,Anchorage,AK,Light,15 seconds,"""Stars"" moving together over Anchorage",4/22/2003
3/29/2003 22:30,Iliamna,AK,Cylinder,30 seconds,it was green and fast and move at the speed of sound.,4/22/2003
2/27/2003 21:10,Anchorage,AK,Light,10 minutes,A strange orange/reddish moving object emitted smaller object and then disappeared over Anchorage Alaska!,3/21/2003
2/13/2003 14:00,Yakutat,AK,Changing,20 minutes,"ALASKA UFO, 2003, YAKUTAT, ALASKA.",4/27/2007
1/24/2003 8:30,Anchorage,AK,Circle,1:30 minutes,My brother and I were going to school on mid-hillside walking toward the west when we saw lights in the sky to the south. The object pa,3/21/2003
10/18/2002 5:30,Kotzebue,AK,Disk,10 sec,Saucer shaped aircraft taking off. Unbelievable acceleration. A bluish neon round light (glow) underneath the aircraft.,6/12/2008
8/30/2002 23:30,St. George Island,AK,Unknown,3 seconds,Ball of light streaking upwards,9/13/2002
6/5/2002 23:45,Bethel,AK,Other,1-2 minutes,Strange flyover witnessed,7/1/2002
5/15/2002 3:00,Inside Passage,AK,Oval,2 minutes,"while on a cruise to alaska, (the inside passage) i with no hesitation saw 2 unidentified flying objects. they were circleling each oth",5/24/2005
3/9/2002 8:30,Anchorage,AK,Triangle,10 minutes,Low flying triangular craft noticed traveling south along mountain range in Anchorage.,3/21/2003
2/6/2002 0:35,North Pole,AK,Other,30 seconds,'Rocket boosters' over North Pole AK,2/22/2002
2/6/2002 0:30,Fairbanks,AK,Fireball,5min,turn around for 1 min with gushing out smoke.,2/22/2002
2/4/2002 2:55,Talkeetna,AK,Light,ongoing,several blue/wht lighted objects traveling at different speeds across sky and then back up to a larger light higher up in the sky,2/22/2002
1/20/2002 20:00,Anchorage,AK,Unknown,1 minute,A reddish star like object moved very fast across the sky before dissappearing half-way across.,12/23/2002
1/2/2002 21:32,Wainwright,AK,Light,90 seconds,"Bright light in the Alaska night sky, moving south-north at extreme speed",3/21/2003
12/15/2001 0:00,Cordova,AK,Sphere,10 minutes,the object hovered over the airstrip,1/5/2011
12/1/2001 1:00,Turnagain Pass,AK,Sphere,15 Min,Giant ship seen hovering in Turnagain Pass,7/13/2005
11/4/2001 22:30,Newhalen,AK,Light,2 hours,Bright red light fills sky.,11/20/2001
10/12/2001 23:08,Eagle River,AK,Other,10 seconds,The stealth-shaped object was traveling at low altitude at a high speed with no sound and lights that flashed intermittently.,11/20/2001
10/11/2001 2:15,Fairbanks,AK,Other,30 minutes,It looked like a star but it would move and after a few seconds a red aura would appear around it and emit objects.,10/12/2001
9/15/2001 23:55,Nenana,AK,Fireball,1 second,"Streaking, glowing object bursts into bright green fireball and disappears",10/12/2001
8/27/2001 5:30,Fairbanks,AK,Circle,10min+,"Extremely bright light circle with vapor release, accompanied by small less bright lights above Fairbanks, AK",10/12/2001
8/12/2001 22:53,Petersburg,AK,Triangle,8 minutes,A silent lighted triangle,8/20/2001
7/7/2001 17:30,"Misty Fjords National Park (near, on island)",AK,Rectangle,A couple of minutes,"Huge, perfectly square, bright white object leaves with out the sound of a take off or splash.",1/17/2004
6/21/2001 2:15,Soldatna,AK,Disk,,((NUFORC Note: Source indicates an alleged sighting of a disc. No details provided. PD)),8/5/2001
6/10/2001 22:30,Anchorage,AK,Egg,15minutes,Egg has other egg,8/5/2001
4/18/2001 1:00,Seward,AK,Triangle,12 hours,"Seward Alaska, April 2001--massive sighting of battleship sized black triangle and other UFO's could not be confirmed.",4/28/2001
4/9/2001 5:22,Talkeetna (Matsue area),AK,Triangle,6:00,sitings in alaska,4/28/2001
3/30/2001 22:00,Palmer,AK,Light,20 min,"Orange lights flying over Palmer Ak March 30,2011",4/3/2011
2/4/2001 8:05,Wrangell,AK,Light,25 minutes,"light, going from very bright to very dim, west of Wrangell island,slight rocking movement. Partly cloudly skies. Flash of red light ne",2/18/2001
2/3/2001 20:15,Wrangell,AK,Light,10 minutes,"Unmoving, blue-white light , faint pulse.",2/18/2001
1/24/2001,North Pole,AK,Disk,10 seconds,ufo by an air force base,12/23/2002
12/31/2000 21:00,Anchorage,AK,Changing,4-6 hours,We could observe red lights dancing across the underside red lights were very bright and very active.,2/18/2001
12/15/2000 16:36,North Pole,AK,Sphere,60+ minutes,"Bright Orange Sphere hovering low on horizon, rotating with ""outer aurora"" glow. Identical to objects reported in 09/24/98 and 02/10/99",12/20/2000
12/15/2000 10:00,Savoonga,AK,Disk,20 seconds,Looked like a spinning disk on apple computers when waiting for a program to load.,5/13/2012
12/12/2000 22:00,North Pole,AK,Unknown,2-10 minutes,Strange black craft that blocks out stars.,5/24/2005
11/7/2000 0:10,Homer,AK,Other,,dark road....felt strange.....triangle.....,12/2/2000
10/26/2000 23:30,Anchorage,AK,Light,8 hours,"Missing time ........ Why is it 7:45 am , when I just looked at the clock and it was 1:15 am a second ago?",12/2/2000
10/2/2000 23:00,Fairbanks,AK,,hour,"Lights gradually coming on, and then going off in formation.",12/23/2002
5/25/2000 21:00,Ketchikan (area),AK,Oval,?,30 LIGHT OVAL SHAPE CIRCLE,6/6/2000
4/24/2000 23:15,Eagle River,AK,Light,60 seconds,"Far east of Eagle River, spotted a star and 2 lights in the sky between 2 mountain peaks. One of the lights was red, one was white. T",5/3/2000
4/2/2000 18:00,Fairbanks,AK,Oval,30 secs,"Rolling oval, tumbling through the sky. Every rotation, half of the object appeared to be extremely shiny and reflecting sun light. No ",4/15/2000
2/23/2000 8:18,Kenai,AK,Cone,30-40 sec,While bringing my children into school we all witness a white object in a cone shape moving across the horizon. My daughter saw it firs,2/23/2000
1/18/2000 7:45,Juneau,AK,,10 minutes,event reported to be a meteorite streaked through the skies at aprox o745 hrs Tues 18 Jan. It was reported to have impacted in the mts,2/16/2000
11/27/1999 11:00,Seward,AK,Circle,,the clouds parted and there was a unusual bright orange sphere in the sky that lit up everything.,11/30/1999
9/2/1999 21:00,Seward,AK,Light,3 min,"3 lights observed. Pretty sure they were in orbit. 1 leading, 2 following equal distances from lead in triangular form heading in a n",10/19/1999
9/2/1999 21:00,Seward,AK,Light,3 min,"US Navy's ""Classic Wizard"", aka ""White Cloud""",11/26/2003
9/1/1999 23:00,Alaska,AK,Light,all week,There is High Auroral Activity all week that can probably be seen in Juneau to Seattle Lots of nuts will mistaken this as Unidentified ,9/12/1999
9/1/1999 22:00,Nenana,AK,Light,20 minutes,Several stars moving then stopping and moving again in another direction.,5/24/2005
8/16/1999 2:45,Trapper Creek (10 miles north of),AK,Oval,5 sec,"driving south on the Parks hiway, just happened to look out the side window and up as a large oval shaped craftpasses overhead right to",2/24/2001
8/14/1999 4:00,Turnagain Pass,AK,Flash,1-2 sec.,From banks of Turnagain Arm I saw a whitish/blueish strobe type flash. It lit up the water and sky. Weather was clear. It was due so,8/30/1999
8/11/1999 23:07,Ketchikan,AK,Circle,7 seconds,saw a bright objet in an area where there is or never has been any thing,8/30/1999
5/26/1999 18:00,Wacker City,AK,Unknown,not sure,"very bright light, large, no defined edges, no sound,changed directions.",4/1/2000
5/8/1999 0:00,Nikiski,AK,Other,half an hour appr.,"It was late at night, and I was up to my usual again, listening to Art Bell, looking for things in the sky. I had ""One of those feeling",5/24/1999
5/6/1999 13:30,Anchorage,AK,Disk,1.5 minutes,saucer shaped object intercepted by 2 military jets,3/16/2000
3/4/1999 21:00,Fairbanks,AK,Sphere,approximately 2 minutes,Saw hovering objects in eastern night sky over Fairbanks International Airport.,4/2/1999
2/21/1999 22:30,Fairbanks (20m miles south of),AK,Triangle,5 min,saw a dark triangle shapes craft with very large white lights on the rear corners and also on the front all light were on the bottom of,8/5/2001
2/12/1999 1:30,North Pole,AK,Fireball,30-45 sec,White/Blue fireball object fell from the sky.,5/24/2005
2/10/1999 20:40,North Pole,AK,Sphere,20 minites approx.,"At about 2040 AKST North Pole Alaska area toward the NorthEast my wife and I witnessed a bright ""Orange Sphere"" hovering low on horizon",4/2/1999
1/8/1999 22:45,Copper Center,AK,Flash,flash,Bright white flash covering a larger area in the sky,2/16/1999
1/8/1999 22:45,Palmer,AK,Flash,2 min.,At abt. 10:45 PM Alaska;A Flash of light (like a flash from a camera)lighted up the sky; then I would say about a minute after a boom s,2/16/1999
1/8/1999 22:45,Wasilla,AK,Flash,30 seconds,"Widely reported event was an exploding meteor. ((NUFORC Note: Suspected meteor, but difficult to know for sure. PD))",10/15/2003
12/26/1998 12:30,Eagle River,AK,Oval,15 min.,"Girlfriend and I, were driving down a remote road, and we wittnessed a oval shaped craft land on top of a mountain. It was a very clea",9/6/2002
12/15/1998 20:00,Fairbanks,AK,Formation,5 minutes,"formation of brilliant amber-orange lights completely silent over Fairbanks, AK",12/12/2009
12/7/1998 18:00,Anchorage/Girdwood,AK,Light,12 min,"Bright white light moving swiftly over Anchorage & Elmenforf AFB, followed by red flashing lights (helicopters?), also radio call in re",1/28/1999
11/18/1998 18:00,Kodiak,AK,Light,2-3 minutes,3 lights in the dark clear sky manuvering in an uncomprhensable pattern at a high rate of speed over kodiak in nov 1998.,12/12/2009
10/31/1998 10:00,Anchorage,AK,Circle,10 seconds,It was gray and did not move or have any light to it.,3/2/2004
9/24/1998 22:35,North Pole,AK,Sphere,10 minutes,"Two Orange sphere appeared low on horizon just to left of North Star. One was hidden during filming I believe by trees. They hovered,",9/26/1998
9/22/1998 3:00,Big Lake,AK,Light,3 minutes?,"Observer awoke and looked out window, seeing greenish colored light being orbited by smaller white/yellow lights",9/26/1998
9/15/1998 23:30,Auke Bay,AK,Light,40mins.,"A large red light between 400ft agl. and up,erratically moved in all directions and at varing speeds. A smaller green light departed fr",9/26/1998
9/15/1998 23:00,Auke Bay,AK,Light,1 1/2 hrs,"A very bright light, small red glow on top. Off to the top left a blue/green ray of light. Every 30 seconds (Aprrox) two white lights",9/26/1998
9/2/1998 23:00,Juneau,AK,Triangle,1 minute,"Seeing 3 space crafts in one night,",7/16/2003
3/15/1998 20:30,Anchorage,AK,Oval,15 minutes,"Driving home after daughters birthday, noticed light ascending from over top of mountain range. Stopped to watch, for it emitted great ",6/18/1998
3/15/1998 20:00,North Pole,AK,Sphere,90 sec,"Red orb, blue orb...similar to the Marfa Lights",5/24/2005
1/15/1998 13:00,Alaska (remote),AK,Disk,20 seconds,saucer shaped object passed directly above me,3/16/2000
1/8/1998 22:38,Fairbanks,AK,Oval,3 Secs,A large phlorescent green oval shaped object moving at a strange speed desending on the horizon ended in a large flash,2/16/1999
11/17/1997 3:00,Wasilla,AK,Triangle,3 minutes,A huge trianglar object moving in a true north direction.,9/2/2005
8/8/1997 23:00,Kenai,AK,Cigar,10 minutis,BACK in 1997 I seen a Cigar shaped UFO.,9/2/2005
6/30/1997 12:00,Anchorage,AK,Cylinder,15 minutes,Walking dog in the day and saw a silent and still chrome cylindrical object in the sky.,3/13/2012
5/20/1997 15:00,North Pole,AK,Unknown,10 seconds,Strange noisy craft in North Pole,5/24/2005
3/31/1997 21:00,Juneau,AK,Light,approx 2hrs,"A friend and I saw a strange low altitudebright object flashing orange and greenrotating colors on Easter night in Juneau,Alaska. When ",3/7/1998
12/25/1996 22:00,Seward,AK,Light,30 seconds,it was green hovering,1/17/2004
8/15/1996 14:30,Bethel,AK,Triangle,2 mins,I happened to look out my back window and was shocked to see a huge triangular shaped craft at a very high altitude.,2/16/1999
4/12/1996 2:00,Nikishi,AK,,,"Household awakened by obj. that streaked overhead. Bright light in front, vapor trail left in sky. Obj. returned, hovered, turns red.",11/2/1999
3/2/1996 0:30,Mountain Village,AK,,60 min.,"Woman repts. stationary light ""w/ search light going around in circles."" Red, blue, white in middle. (Possible twinkling star?)",11/2/1999
12/21/1995 19:30,Birchwood,AK,Fireball,6-7 minutes,Highly unusual lengthy meteor observation.,12/18/2014
10/27/1995 20:28,Prince of Wales Island,AK,,2 min.,"Man rpts very large, circular obj passing slowly across N sky from W to E to horizon. Dia. of full moon! Burning material ejected.",11/2/1999
9/20/1995 19:30,Cold Bay,AK,Fireball,2minutes,Fireballs traveling low on horizon at great rate of speed and manueverablilty,2/16/2000
9/15/1995 2:00,Wasilla,AK,Light,10:00,Noticed two objects traveling in an erratic manner in a southerly direction out of the North-East.,3/7/1998
8/20/1995 11:30,Cantwell (80 miles east of); Clearwater Mtns.,AK,Circle,45 min.,an object in the sky- - just hovering there with a big light on top and bottom.,6/6/2000
3/28/1995 0:36,Cordova,AK,,15 min,"Person reports ""clump of fog"" circles car six times, changing shape each time. Hovered. 2nd ship on ground. Dramatic.",11/2/1999
2/12/1995 22:30,Gustavus,AK,,5 min.,"Boatload of young fisherman witness very large, orange obj. It returns their light signal, then zips off.",11/2/1999
1/17/1995 22:45,Anchorage,AK,Light,15 min.,Empl. of KRUA radio station at Univ. of AK calls to report multiple UFO reports 2245 hrs. 17JA95 over inlet.,11/2/1999
11/3/1994 20:30,Palmer (10 miles north of),AK,Light,20 MINUTES,"No sound, traveled extremly fast. Appeared to dip down into the trees. It's incredible light made no reflection onto us or the groud.",11/2/1999
2/1/1994 22:16,"Savoonga, St. Lawrence Island",AK,Light,6 minutes,The object was about 200 feet off the ground. There was absolutely no sound. It stayed in one spot in the air without moving.,10/2/1999
11/23/1993 11:24,Fairbanks,AK,Cigar,3 minutes,"Me and one of my friends were coming home from sledding when we saw a mettalic, cigar shaped, UFO hovering in the air emitting a blue b",6/2/1998
5/22/1990 23:00,Perl Island (Private),AK,Sphere,Two @ 35minea,The ship hovered over our runway twice for 35 minute intervals all the while shining rotating running lights to the ground,3/2/2004
3/15/1990 20:50,Sitka,AK,Light,2 min.,Bright white light with some blue and possibly red. Traveled left to right in the night sky in an up and down zig zag type movement.,8/30/1999
1/7/1990 9:00,Sutton,AK,Changing,7 min.,"Well it hoovered about 200 feet above us for about 7 minutes then flew off in to space at about 150 degrees, going at about 300mph.",11/30/1999
12/12/1989 7:00,Douglas Island,AK,Sphere,ten seconds,the object seemed to use cloud cover to hide behind,2/12/2004
10/15/1989 22:00,Glennallen,AK,Unknown,approx 1 hour,"10/15/89 Bright fast moving light over valley west of Glennallen, Alaska",4/27/2007
7/1/1988 0:00,North Pole,AK,Unknown,1 hour 20 min,Flash of light and loss of time,4/17/2008
4/15/1988 7:00,Wasilla,AK,Disk,2or3minutes,the object was large moving just above the treeline it had clear white lights not sure if it made a noise because i was in doors,2/18/2011
11/17/1987 6:00,Anchorage,AK,Light,3 min,Glowing ball of light,5/11/2005
7/15/1987 1:30,Teller,AK,Disk,30 MINUTES,5 CREDITABLE WITNESSES,10/15/2002
1/30/1987 21:00,Kenai,AK,Light,5 seconds,Light quickly grows in intensity and then fades to nothing.,4/27/2007
11/15/1986 14:30,Girdwood,AK,Sphere,2 minutes ?,"25 feet from amber, orange orb [1986] Alaska.",2/4/2013
11/15/1986,Ft. Richardson,AK,,,"Ft. Richardson, AK...between nove 86 feb 87 while on duty across cook inlet on field exersice. .. will not reveal anything else until.",2/18/2013
8/20/1986 2:00,Anchorage,AK,Disk,3 seconds,Three black saucer-shaped objects quickly take off from the woods.,6/4/2004
6/20/1986 23:30,Teller,AK,Oval,15 min.,"Oval shaped craft with red green and white lights with windows,that had a grayish beam coming down- us",8/28/2002
6/1/1986,Adak,AK,Light,3 min,I just watched a show on tv on the history channel. There was an event where an Japanese airliner reported an ufo sighting south of the,10/31/2008
9/5/1985 1:30,Juneau,AK,Circle,2 hours,My Brother and I believed we saw something that sped up time with light's from a ship. While we were in transit with a Vessel to Seattl,4/26/1999
6/15/1985 2:00,Seward,AK,Disk,5 seconds,"While traveling from Anchorage to Seward, Alaska, a ""typical"" flying saucer whizzed directly over my Chevy Blazer coming from the other",4/27/2004
9/15/1984 23:00,Sterling,AK,Light,20 minutes,My friends & I were fishing at a lake(Paddle Lake) for a weekend on the Keni Peninsula in Alaska. The first evening Bob ******* & me wh,8/10/1999
6/1/1984 13:00,Elmendorf AFB,AK,Diamond,15 minutes,Observed red-diamond-shaped object with C-90 telescope on tripod. Object was motionless at an altitude of approximatiely One Thousand ,2/16/2000
4/20/1983 9:00,Prince William Sound,AK,Other,5 minutes,Seeing the sparks coming three to five feet above the ocean and all around the boat,3/4/2008
6/15/1982 14:00,Juneau,AK,Sphere,10-15 minutes,Deep black sphere about 1 meter diameter emits paralyzing orange beam,11/2/1999
6/15/1981,Point Barrow,AK,Cylinder,less than 5 min.,"I am trying to find out who else saw it , or where the other witnesses are",9/28/2003
8/5/1980 23:15,Glennallen,AK,Rectangle,25 minutes,Unidentified Bright Light Sitting On Road,10/15/2002
8/5/1978 14:00,Ketchikan,AK,Rectangle,3 minutes,Aircraft carrier shaped UFO,4/14/2009
6/15/1977 2:00,Kodiak Island,AK,Circle,2 minutes,White light object seen on Kodial Island in the mid 70s,12/14/2006
10/20/1976 22:00,Soldotna,AK,Sphere,2 hrs.,Strange Site and Time Red Orb Encounter,4/16/2005
2/13/1976 13:30,Ft. Yukon,AK,Oval,2 minutes,a small airport outside ft yukon remote radar site ( norad ) white oval shape object blasing thru the sky with a blueish gre,5/10/2004
2/3/1976 13:00,Ft. Yukon,AK,Oval,2 MINUTES,"TOOK PICTURE OF FLYING CRAFT AS IT PASSED OVER HEAD, 5 MILES OUTSIDE OF A REMOTE NORAD RADAR SITE FT YUKON, ALASKA HAVE HAD",5/4/2004
1/11/1976 23:00,"Fairbanks, Trans Alaskan Pipeline haul road 250 mi N of",AK,,10 minutes,Large white light traversing tundra that approached myself and friend.,11/23/1999
6/15/1975 18:30,Nulato,AK,Light,half an hour,Light floating around people in village of Alaska,5/2/2003
11/15/1974 9:00,Cordova,AK,Disk,5 HOURS,UFO ALIEN ABDUCTION AND SPACE CRAFT INCOUNTER A DEMENSHONAL SPEED TRAIL WAS LEFT,6/12/2007
9/1/1974 23:00,"Sitka (North of, St. John Bay)",AK,Disk,5 min,"On hunting trip, woke to see object hovering over bay and ""navigating"" up the bay and up the head waters and out of sight over hillside",1/28/1999
5/15/1973 22:00,Chugiak,AK,Rectangle,several minutes,"Black oblong boxes, connected by what looked like a hose, silently floating at tree top level with no lights about the size of big rigs",9/4/2003
8/30/1972 1:30,Anchorage,AK,Circle,2 to 4 seconds,"Large, bright, blue/white circular object appeared to do extremely high speed ""fly-by"" of Earth.",1/17/2004
11/22/1969 17:00,Kenai,AK,Light,5 minutes,My brother and I saw what we thought was a car approaching on the rise of a hill. The lights were so bright we turned our eyes away fr,1/11/2002
11/1/1969 19:30,Fairbanks,AK,Formation,4 minutes,"Sighting of 5 objects in a PENTAGON formation near Fairbanks, Alaska around 1969",7/19/2010
9/20/1969 23:00,Fairbanks,AK,Cigar,30 seconds,My sister and I were awakened by a flashing bright light. We looked out of the window and saw a hovering cigar shaped object. It stayed,4/26/2000
7/5/1969 10:53,Valdez,AK,Disk,17 minutes,Orange water,10/31/2003
12/20/1968 2:00,Juneau,AK,Other,15 minutes?,"Strange half-moon shaped thing shoots light into room, causes paralysis and other effects.",11/2/1999
12/20/1968 2:00,Juneau,AK,Other,15 minutes?,"Earliest encounter, half-moon shaped object shot paralyzing light beam through bedroom window.",8/30/1999
8/15/1967 23:00,Gula,AK,Circle,40 min,Circle,6/18/2004
11/10/1966 21:00,Kodiak Naval Station,AK,Formation,approx. 6 hrs,I cannot find reports from Elmendorf AFB concerning bogies near the Anchorage area where our radio relay crew working the old White Ali,11/28/2007
9/15/1966 18:00,Delta Junction,AK,Cigar,15 min,Long Cigar shape w/portholes bright orange on the ends or edges,3/11/2006
8/15/1962 19:00,Nenana,AK,Oval,15 min,"the object had a large spot light, shining straight down towards the groung.",3/21/2003
11/10/1957 20:00,"Northeast Cape AFS, St Lawrence Island,",AK,Other,4-5 min,"Observed target on search radar. Ground speed about 25000 kt, altitude at least 30000ft. recorded on scope camera. observed by other ra",1/28/1999
10/1/1957 22:00,Northeast Cape AFS,AK,,10-15min,Radar sighting and filming,1/28/1999
10/1/1957 16:00,Nelchina (near),AK,Unknown,3 minutes maximum,"This incident occurred about October of 1956 or 57. At the time, I was Assistant station manager for a major airline in Anchorage as",12/7/2006
6/30/1957,Arctic,AK,Cigar,one day,spacecraft found in artic between 1953 to1961 2 bodys recovered. front page of newspapper,8/24/2010
6/15/1955 21:00,?????,AK,Fireball,20 mins,a bright light and a huge bang then we saw it hovering for 13 mins and it dissapired,3/21/2003
2/1/1954 2:00,Fairbanks,AK,Unknown,19 MIN.,RADAR INTERCEPT OF UFO BY USAF PILOT IN ALASKA 1954.,1/10/2009
7/1/1949 11:00,Fairbanks,AK,Disk,2 minutes,"Enormous metallic disc in Alaska sky, 1949.",12/23/2013
6/10/1949 21:00,Anchorage,AK,Disk,3 minutes,Disk encountered operation difficulties and crashed.,4/16/2005
4/30/1943 23:00,Bering Sea,AK,Other,1 hour,1943 sighting of four linearly arranged red lights in Bearing Sea,3/19/2009
10/15/1936 17:00,Eklutna,AK,Cigar,3 minutes.,Two men approached by a cigar-shaped object in the night sky.,2/18/2001
